Time,Position,Velocity,Voltage,Force
0.0,-0.0,0.0,0.3,0.0183
0.016738,-0.0,0.0,0.3,0.0091
0.033788,-0.0,0.0,0.3,0.0
0.050047,-0.0,0.0,0.3,0.0227
0.067186,-0.0,0.0,0.3,0.0
0.083681,-0.0,0.0,0.3,0.0183
0.100038,-0.0,0.0,0.3,0.0091
0.116713,-0.0,0.0,0.3,-0.0045
0.133333,-0.0,0.0,0.3,0.0046
0.150156,-0.0,0.0,0.3,0.0091
0.166769,-0.0,0.0,0.3,0.0091
0.183386,-0.0,0.0,0.3,0.0136
0.200021,-0.0,0.0,0.3,0.0183
0.216688,-0.0,0.0,0.3,-0.0045
0.233383,-0.0,0.0,0.3,0.0227
0.250031,-0.0,0.0,0.3,-0.0045
0.266785,-0.0,0.0,0.3,0.0183
0.283683,-0.0,0.0,0.3,0.0274
0.300322,-0.0,0.0,0.3,0.0227
0.317001,-0.0,0.0,0.3,0.0
0.333409,-0.0,0.0,0.3,0.0091
0.350008,-0.0,0.0,0.3,0.0227
0.366684,-0.0,0.0,0.3,0.0091
0.383611,-0.0,0.0,0.3,0.0227
0.400285,-0.0,0.0,0.3,0.0046
0.416918,-0.0,0.0,0.3,0.0091
0.433332,-0.0,0.0,0.3,-0.0045
0.450283,-0.0,0.0,0.3,-0.0181
0.467073,-0.0,0.0,0.3,0.0091
0.483467,-0.0,0.0,0.3,0.0319
0.516641,-0.0,0.0,0.3,-0.0045
0.533428,-0.0,0.0,0.3,0.0227
0.566853,-0.0,0.0,0.3,0.0227
0.583766,-0.0,0.0,0.3,0.0136
0.6,-0.0,0.0,0.3,0.041
0.61669,-0.0,0.0,0.3,0.0091
0.633438,-0.0,0.0,0.3,0.0136
0.650094,-0.0,0.0,0.3,0.0274
0.666717,-0.0,0.0,0.3,0.0
0.683367,-0.0,0.0,0.3,0.0046
0.700101,-0.0,0.0,0.3,0.0091
0.716773,-0.0,0.0,0.3,-0.0045
0.733361,-0.0,0.0,0.3,-0.0045
0.750382,-0.0,0.0,0.3,0.0091
0.766715,-0.0,0.0,0.3,0.0183
0.783796,-0.0,0.0,0.3,0.0
0.800065,-0.0,0.0,0.3,0.0319
0.817131,-0.0,0.0,0.3,0.0136
0.833436,-0.0,0.0,0.3,0.0136
0.850035,-0.0,0.0,0.3,0.0319
0.86704,-0.0,0.0,0.3,0.0183
0.883435,-0.0,0.0,0.3,0.0091
0.900048,-0.0,0.0,0.3,0.0046
0.916687,-0.0,0.0,0.3,0.0046
0.950041,-0.0,0.0,0.3,0.0046
0.967009,-0.0,0.0,0.3,0.0136
0.983369,-0.0,0.0,0.3,-0.0181
1.000437,-0.0,0.0,0.3,0.0091
1.016726,-0.0,0.0,0.3,0.0319
1.033419,-0.0,0.0,0.3,0.0
1.050092,-0.0,0.0,0.3,0.0
1.066746,-0.0,0.0,0.3,-0.0045
1.083507,-0.0,0.0,0.3,0.0
1.100377,-0.0,0.0,0.3,0.0274
1.116786,-0.0,-0.0001547202751511,0.3,-0.2497
1.133362,-5.103448275862069e-06,-0.000455651463575,0.3,-1.7575
1.150387,-1.5310344827586204e-05,-0.0009157726367548,0.3,-3.8783
1.166799,-3.5724137931034486e-05,-0.0013866809915393,0.3,-5.2362
1.18351,-6.124137931034482e-05,-0.0018333546674154,0.3,-8.0155
1.200203,-9.69655172413793e-05,-0.0021345684710226,0.3,-10.9993
1.216982,-0.0001326896551724,-0.0024575685431226,0.3,-13.0837
1.233429,-0.0001786206896551,-0.0023122519146383,0.3,-14.7368
1.250089,-0.0002092413793103,-0.0026036438596019,0.3,-16.6215
1.266751,-0.0002653793103448,-0.0033647764945146,0.3,-18.4925
1.283457,-0.0003215172413793,-0.0033720525609372,0.3,-19.7051
1.300047,-0.0003776551724137,-0.0039713173462352,0.3,-22.3982
1.316869,-0.0004542068965517,-0.0045773573390295,0.3,-25.5772
1.333495,-0.0005307586206896,-0.0045985297133376,0.3,-27.2983
1.350163,-0.0006073103448275,-0.0047493889871731,0.3,-28.4111
1.366806,-0.0006889655172413,-0.0052071314521294,0.3,-30.0186
1.383486,-0.0007808275862068,-0.0054683057899587,0.3,-31.8307
1.400404,-0.0008726896551724,-0.0039685479870415,0.3,-32.4256
1.433458,-0.0010513103448275,-0.0103793083967592,0.3,-33.9924
1.450054,-0.0011584827586206,-0.0067348006759621,0.3,-33.9197
1.4668,-0.0012758620689655,-0.0073411105289753,0.3,-36.749
1.483423,-0.001403448275862,-0.0076589252871838,0.3,-37.6437
1.500117,-0.0015310344827586,-0.0078128072902973,0.3,-36.0723
1.516737,-0.001663724137931,-0.0079378831761434,0.3,-36.3085
1.533549,-0.0017964137931034,-0.007897958701968,0.3,-36.3857
1.550338,-0.0019291034482758,-0.0084524709459291,0.3,-36.59
1.566757,-0.0020771034482758,-0.007853828064845,0.3,-37.4983
1.583478,-0.0021893793103448,-0.0081092117709695,0.3,-37.6573
1.600112,-0.0023475862068965,-0.0092978419696429,0.3,-37.7436
1.61696,-0.0025006896551724,-0.0098054845288253,0.3,-39.0151
1.633422,-0.0026742068965517,-0.0104544203271161,0.3,-39.0788
1.650155,-0.002847724137931,-0.0105661454986792,0.3,-38.6519
1.666749,-0.0030263448275862,-0.0108698013375193,0.3,-39.4648
1.68349,-0.0032100689655172,-0.0110149667514634,0.3,-38.4202
1.700108,-0.0033937931034482,-0.0112813709049406,0.3,-39.5828
1.716966,-0.003587724137931,-0.0117198185875746,0.3,-38.9515
1.733638,-0.0037867586206896,-0.0107996426527508,0.3,-39.601
1.750045,-0.0039449655172413,-0.0108379393888136,0.3,-40.6228
1.767071,-0.0041491034482758,-0.0125414396613729,0.3,-40.2504
1.783413,-0.004363448275862,-0.0129992617858091,0.3,-40.0779
1.800049,-0.0045777931034482,-0.0131745377836386,0.3,-40.6592
1.816727,-0.0048023448275862,-0.0134667604527906,0.3,-41.1314
1.833777,-0.005032,-0.0139100186630558,0.3,-41.1087
1.850114,-0.0052667586206896,-0.014263153313354,0.3,-41.9897
1.867053,-0.0055066206896551,-0.0145336366859587,0.3,-41.7355
1.883473,-0.0057515862068965,-0.0149652191045262,0.3,-42.285
1.900132,-0.0060016551724137,-0.0131603163935273,0.3,-41.7218
1.916823,-0.0061904827586206,-0.0136292053217225,0.3,-42.344
1.933458,-0.0064558620689655,-0.0159353475452504,0.3,-42.4849
1.95013,-0.0067212413793103,-0.0160924372793631,0.3,-42.2986
1.966757,-0.006991724137931,-0.0161414787026728,0.3,-43.2569
1.983644,-0.0072622068965517,-0.0165328578136992,0.3,-42.9208
2.000095,-0.0075428965517241,-0.016931666276734,0.3,-43.4612
2.017101,-0.0078286896551724,-0.0172894515116896,0.3,-44.2741
2.03345,-0.0081195862068965,-0.0179600752381528,0.3,-44.8055
2.050063,-0.0084206896551724,-0.0179238912004203,0.3,-44.5738
2.067048,-0.0087217931034482,-0.0158515850040216,0.3,-44.5557
2.083546,-0.008951448275862,-0.0164731655711255,0.3,-45.1325
2.100197,-0.0092678620689655,-0.0190427174472465,0.3,-45.2869
2.116778,-0.0095842758620689,-0.0189612125336691,0.3,-45.9362
2.133841,-0.0099057931034482,-0.0193091851167684,0.3,-45.9635
2.15008,-0.0102273103448275,-0.0201301133522077,0.3,-46.563
2.166799,-0.0105692413793103,-0.0204595981739871,0.3,-46.3314
2.183505,-0.0109111724137931,-0.0204779778100169,0.3,-47.1715
2.200194,-0.0112531034482758,-0.0207188980615696,0.3,-46.9444
2.216758,-0.0116001379310344,-0.0211944819344138,0.3,-47.2261
2.233664,-0.0119624827586206,-0.01881667080129,0.3,-47.5757
2.250118,-0.0122278620689655,-0.0189713532982059,0.3,-48.2069
2.266752,-0.0125902068965517,-0.0214188060154946,0.3,-47.871
2.283714,-0.012947448275862,-0.0221689634511682,0.3,-48.1661
2.300132,-0.0133302068965517,-0.0228785786425374,0.3,-49.2106
2.317174,-0.0137129655172413,-0.023163325908659,0.3,-48.593
2.333401,-0.0141008275862068,-0.0234520705605415,0.3,-48.8201
2.350251,-0.0144886896551724,-0.0235238262341439,0.3,-50.5912
2.366811,-0.0148867586206896,-0.0239620144780884,0.3,-49.8055
2.383476,-0.0152848275862068,-0.0207923359251443,0.3,-50.3505
2.400192,-0.0155808275862068,-0.0213744206366316,0.3,-51.4495
2.416903,-0.0159993103448275,-0.0253299532402011,0.3,-51.2951
2.433436,-0.0164228965517241,-0.0249156203036846,0.3,-50.2097
2.450495,-0.0168362758620689,-0.0253857249728246,0.3,-51.2407
2.466808,-0.0172700689655172,-0.0261739123155102,0.3,-50.187
2.483447,-0.0176987586206896,-0.0255600966311469,0.3,-50.5639
2.500152,-0.0181223448275862,-0.0263380071845977,0.3,-53.8111
2.516775,-0.0185765517241379,-0.0270955169724514,0.3,-52.7347
2.53349,-0.0190256551724137,-0.0268626503948488,0.3,-51.8175
2.550402,-0.0194798620689655,-0.0186771327795242,0.3,-53.2571
2.582401,-0.0199391724137931,-0.0186468961037506,0.3,-53.2979
2.60011,-0.0207506206896551,-0.0279645142774269,0.3,-53.6068
2.633428,-0.0217100689655172,-0.0507684073705939,0.3,-54.1607
2.650115,-0.0221897931034482,-0.028957240232002,0.3,-54.8238
2.66709,-0.0226848275862068,-0.0294846888954494,0.3,-55.1827
2.683521,-0.0231747586206896,-0.0297603993482397,0.3,-55.1236
2.700358,-0.0236748965517241,-0.0302770375939533,0.3,-55.1327
2.716727,-0.0241801379310344,-0.0207190608747281,0.3,-55.3188
2.749375,-0.0246904827586206,-0.0210155451486962,0.3,-56.1862
2.765781,-0.0252110344827586,-0.0310765815760266,0.3,-56.0591
2.783899,-0.0261245517241379,-0.0531244329791176,0.3,-57.6894
2.800196,-0.0266553103448275,-0.0323984171573771,0.3,-57.1489
2.816821,-0.0271911724137931,-0.0322012867788556,0.3,-57.703
2.833795,-0.0277372413793103,-0.0324332999987652,0.3,-57.5714
2.850337,-0.0282782068965517,-0.0330140543222536,0.3,-58.2207
2.866876,-0.0288293793103448,-0.0334364383883962,0.3,-58.2753
2.883458,-0.0293856551724137,-0.0227748944943104,0.3,-57.2762
2.91595,-0.0299470344827586,-0.0231378000498586,0.3,-58.3298
2.933737,-0.0309422068965517,-0.0555182125100685,0.3,-58.8657
2.950533,-0.0315239999999999,-0.0355017119876679,0.3,-59.0565
2.9668,-0.032116,-0.0267465541569067,0.3,-59.3244
3.000143,-0.0332948965517241,-0.0622072775309238,0.3,-60.2826
3.016797,-0.0338868965517241,-0.0309309039898214,0.3,-59.2971
3.033967,-0.0343411034482758,-0.0359164940497948,0.3,-59.5469
3.050757,-0.0351066206896551,-0.0284004088066852,0.3,-60.5551
3.082485,-0.0357190344827586,-0.0248450839221629,0.3,-60.8139
3.100261,-0.0368060689655172,-0.0665908437589837,0.3,-60.4097
3.116815,-0.0374388965517241,-0.0377976298618719,0.3,-60.5005
3.133476,-0.0380615172413793,-0.0370081050808648,0.3,-59.7421
3.150187,-0.0386739310344827,-0.0364814316496957,0.3,-59.9101
3.16705,-0.0392863448275862,-0.0365778245645963,0.3,-59.3607
3.183533,-0.0398936551724137,-0.0363152957839221,0.3,-58.6613
3.200356,-0.0404958620689655,-0.0357885573342362,0.3,-59.724
3.217044,-0.0410929655172413,-0.0240871330266664,0.3,-58.9019
3.249299,-0.0416747586206896,-0.0236033199969491,0.3,-59.3335
3.266774,-0.0427005517241379,-0.0607115332023953,0.3,-57.5169
3.283418,-0.0432772413793103,-0.0343037483508805,0.3,-58.0982
3.300099,-0.043843724137931,-0.0339638322813534,0.3,-57.6668
3.316776,-0.0444102068965517,-0.0336675244467318,0.3,-57.9664
3.333599,-0.0449715862068965,-0.0331195440622149,0.3,-57.4987
3.350368,-0.0455227586206896,-0.0329628858198136,0.3,-57.9892
3.367041,-0.0460739310344827,-0.0327851204080957,0.3,-56.268
3.38368,-0.0466148965517241,-0.0215034364320325,0.3,-56.8447
3.417118,-0.0471507586206896,-0.0215214293331265,0.3,-57.0037
3.433478,-0.0480795862068965,-0.0550863929992308,0.3,-56.0999
3.450154,-0.0486052413793103,-0.0311649358520023,0.3,-55.8911
3.467048,-0.0491257931034482,-0.0304678954332981,0.3,-56.1045
3.483822,-0.0496310344827586,-0.0227286500542668,0.3,-55.8093
3.51712,-0.0506466206896551,-0.0539568875954368,0.3,-55.8728
3.533483,-0.0511467586206896,-0.0203734662424321,0.3,-55.5458
3.566809,-0.0519990344827586,-0.027861780574459,0.3,-54.9329
3.600152,-0.0529584827586206,-0.050133313383085,0.3,-54.733
3.616745,-0.053428,-0.0281890754910731,0.3,-54.5786
3.633464,-0.0538975172413793,-0.0275534733374928,0.3,-54.2925
3.650455,-0.0543568275862068,-0.0272404280047809,0.3,-54.2516
3.666812,-0.0548059310344827,-0.0273929629071926,0.3,-54.2653
3.683431,-0.0552601379310344,-0.0267235993142643,0.3,-53.5613
3.700423,-0.0557041379310344,-0.0180120478961204,0.3,-53.7112
3.732448,-0.0561430344827586,-0.0177174284386147,0.3,-53.9291
3.750192,-0.056903448275862,-0.0428048169285843,0.3,-53.4159
3.767086,-0.0573219310344827,-0.0249468112441545,0.3,-53.8065
3.783742,-0.0577404137931034,-0.0253066101424539,0.3,-53.2162
3.800159,-0.0581588965517241,-0.0249451956880684,0.3,-52.9845
3.816885,-0.0585671724137931,-0.0243356608643854,0.3,-53.0844
3.833503,-0.0589703448275862,-0.023923366156406,0.3,-51.9946
3.850377,-0.0593684137931034,-0.0234221735801747,0.3,-52.3851
3.867058,-0.0597562758620689,-0.015931571295127,0.3,-52.3533
3.899068,-0.0601441379310344,-0.0157322166368749,0.3,-52.5076
3.916785,-0.0608126896551724,-0.0381254452731613,0.3,-51.2224
3.9335,-0.0611852413793103,-0.0220270873641912,0.3,-51.5676
3.95038,-0.0615526896551724,-0.0163201678865011,0.3,-51.4269
3.983846,-0.0622722758620689,-0.0376986022224344,0.3,-50.8773
4.000091,-0.0626193103448275,-0.020885970753369,0.3,-50.2188
4.016833,-0.0629612413793103,-0.0141672749181939,0.3,-51.5585
4.049082,-0.0633133793103448,-0.0138914474997565,0.3,-50.9772
4.066062,-0.0636451034482758,-0.0193756203303968,0.3,-50.4595
4.083608,-0.0642166896551724,-0.0331683798009639,0.3,-50.5231
4.100139,-0.0645382068965517,-0.0191928225068524,0.3,-49.81
4.116846,-0.0648546206896551,-0.0184891073394261,0.3,-49.6012
4.133814,-0.0651608275862069,-0.0184107080658805,0.3,-49.5468
4.15011,-0.0654670344827586,-0.0180404091115222,0.3,-49.7239
4.167195,-0.0657630344827586,-0.0179105959648405,0.3,-49.5876
4.183448,-0.0660641379310344,-0.0120894935056261,0.3,-48.7929
4.215741,-0.0663499310344827,-0.0115260068741618,0.3,-48.8656
4.233039,-0.066635724137931,-0.0160356258884109,0.3,-48.6747
4.250431,-0.067115448275862,-0.0292675332762508,0.3,-48.475
4.266822,-0.0673859310344827,-0.0158771910822836,0.3,-47.9073
4.28386,-0.0676462068965517,-0.0154358181613531,0.3,-48.2569
4.300215,-0.0679013793103448,-0.0154870520919553,0.3,-47.662
4.316813,-0.0681565517241379,-0.0148921489707745,0.3,-48.3387
4.333799,-0.0684015172413793,-0.0145147548285466,0.3,-46.84
4.350567,-0.0686464827586206,-0.0099613237083047,0.3,-47.3441
4.38247,-0.0688863448275862,-0.0095539077278875,0.3,-47.3305
4.400172,-0.0692895172413793,-0.0229455516315181,0.3,-47.4804
4.416837,-0.0695089655172413,-0.0129058997812765,0.3,-45.959
4.433784,-0.0697233103448275,-0.0124466943852444,0.3,-45.3822
4.450459,-0.069927448275862,-0.012520575186117,0.3,-46.1089
4.4668,-0.0701366896551724,-0.0123506628571547,0.3,-45.6728
4.483516,-0.070335724137931,-0.011778835718523,0.3,-45.4321
4.500162,-0.0705296551724137,-0.0115589947538524,0.3,-45.3596
4.517071,-0.0707235862068965,-0.0077127575291289,0.3,-45.2505
4.549127,-0.0709073103448275,-0.0074496852619834,0.3,-44.9372
4.566395,-0.0710910344827586,-0.01025445343723,0.3,-44.978
4.583467,-0.0713870344827586,-0.0174033234653989,0.3,-44.1243
4.600182,-0.0715503448275862,-0.0096461924748524,0.3,-43.8926
4.616798,-0.0717085517241379,-0.0095159181108371,0.3,-44.4966
4.633433,-0.0718667586206896,-0.0091890555037578,0.3,-43.3658
4.650121,-0.0720147586206896,-0.0087006206772788,0.3,-43.7201
4.666867,-0.0721576551724137,-0.0083918217882206,0.3,-43.8609
4.683569,-0.072295448275862,-0.005402123365798,0.3,-42.8391
4.715992,-0.0724230344827586,-0.0050754318918194,0.3,-43.3613
4.733845,-0.0725506206896551,-0.0073209486948077,0.3,-43.1978
4.75015,-0.0726731034482758,-0.0072247611134191,0.3,-42.1532
4.767045,-0.0728721379310344,-0.0114733008996788,0.3,-41.9534
4.783503,-0.0729793103448275,-0.0062654623101673,0.3,-41.5766
4.800441,-0.0730813793103448,-0.005980423748043,0.3,-41.3268
4.816784,-0.0731783448275862,-0.0055569577742132,0.3,-41.3041
4.833503,-0.0732651034482758,-0.0053532139435716,0.3,-40.7319
4.850151,-0.0733569655172413,-0.0034375072582502,0.3,-40.5138
4.883527,-0.0734947586206896,-0.0073958895921307,0.3,-39.4966
4.900437,-0.0735662068965517,-0.0041085665051068,0.3,-38.6928
4.917065,-0.0736325517241379,-0.0027588968555062,0.3,-36.9715
4.950382,-0.0737499310344827,-0.0055917986952476,0.3,-35.2231
4.96681,-0.0737958620689655,-0.0027491267085294,0.3,-33.302
4.983797,-0.0738417931034482,-0.002590505529535,0.3,-32.1486
5.000301,-0.0738826206896551,-0.0015706784057191,0.3,-30.55
5.032535,-0.0739183448275862,-0.0013586064256999,0.3,-28.3883
5.049134,-0.0739489655172413,-0.0014884933430155,0.3,-26.5854
5.066821,-0.0739846896551724,-0.0009182717463912,0.3,-23.0294
5.100167,-0.0740051034482758,-0.0006057864889145,0.3,-19.7097
5.117016,-0.0740102068965517,-0.0001517663864117,0.3,-17.9748
5.133794,-0.0740102068965517,0.0,0.3,-17.1529
5.150484,-0.0740102068965517,0.0,0.3,-16.4761
5.166813,-0.0740102068965517,0.0001049034569234,0.3,-15.6723
5.199133,-0.0740051034482758,0.0001029460659996,0.3,-15.4816
5.216863,-0.0740051034482758,0.0,0.3,-14.5369
5.233488,-0.0740051034482758,0.000102083257173,0.3,-14.5188
5.266856,-0.074,0.0003064029944684,0.3,-13.5242
5.283512,-0.0739948965517241,0.0003062834674188,0.3,-11.5442
5.300181,-0.0739897931034482,0.0004595768994293,0.3,-9.7095
5.316826,-0.0739795862068965,0.0009187401258712,0.3,-7.0891
5.33351,-0.0739591724137931,0.0009376168061475,0.3,-5.2453
5.365813,-0.0739336551724137,0.0011470063346029,0.3,-3.9918
5.382453,-0.0739030344827586,0.0020768036468351,0.3,-2.2343
5.400216,-0.0738622068965517,0.0025089248319739,0.3,-1.2806
5.417033,-0.0737805517241379,0.0030601716590887,0.3,-0.7674
5.450387,-0.0736682758620689,0.0061122801076259,0.3,0.7903
5.467086,-0.0736121379310344,0.0036975927130773,0.3,2.4705
5.483512,-0.0735457931034482,0.004154524179102,0.3,4.1599
5.500253,-0.0734743448275862,0.0031287104991491,0.3,5.8266
5.532447,-0.0733926896551724,0.0032985991401074,0.3,7.3708
5.549762,-0.0733110344827586,0.0048897797196287,0.3,9.4871
5.566889,-0.0731579310344827,0.0096599044615862,0.3,12.0938
5.583795,-0.0730609655172413,0.006274668765117,0.3,12.0938
5.600236,-0.0729486896551724,0.006795331340231,0.3,12.112
5.61684,-0.0728364137931034,0.0065454193892106,0.3,12.3844
5.633763,-0.0727292413793103,0.0067231055131117,0.3,15.0594
5.65024,-0.0726118620689655,0.0050321593517126,0.3,15.0684
5.682443,-0.0724842758620689,0.0053182644476698,0.3,16.7397
5.69918,-0.0723515862068965,0.0076610308491482,0.3,20.4681
5.716828,-0.0721168275862069,0.0148416456577152,0.3,20.9086
5.73361,-0.0719688275862069,0.0088707743946292,0.3,20.8724
5.750196,-0.0718208275862069,0.0069566900422698,0.3,21.7489
5.783495,-0.0714993103448276,0.0171246391903824,0.3,22.1758
5.800184,-0.0713359999999999,0.0100249289028513,0.3,22.53
5.817094,-0.0711624827586207,0.0103434914833717,0.3,22.1803
5.833735,-0.0709889655172413,0.0073456217074728,0.3,22.6616
5.866422,-0.0708001379310344,0.0074784054466934,0.3,22.8525
5.883552,-0.0706164137931034,0.0110150707864091,0.3,22.9161
5.900244,-0.0702744827586206,0.0205747603461551,0.3,23.6972
5.917111,-0.0700805517241379,0.0121200184516189,0.3,23.9605
5.933509,-0.0698713103448275,0.0128122623906282,0.3,24.9097
5.950172,-0.0696569655172413,0.012919352635681,0.3,24.8915
5.967086,-0.0694375172413793,0.0133277300834484,0.3,24.4146
5.983486,-0.0692129655172413,0.0136353425760778,0.3,25.4364
6.000397,-0.0689833103448275,0.0093329204053234,0.3,25.6726
6.0327,-0.0687536551724137,0.009690883078552,0.3,25.6681
6.049373,-0.0685086896551724,0.0140774560454963,0.3,25.6817
6.06714,-0.0680748965517241,0.015145579283262,0.3,26.3993
6.100499,-0.0675696551724138,0.0274198761165062,0.3,27.4483
6.11725,-0.0673042758620689,0.0162259521261323,0.3,27.1122
6.133524,-0.0670337931034482,0.0167463438092274,0.3,27.639
6.150163,-0.0667531034482758,0.0165879189524071,0.3,27.4892
6.167059,-0.0664775172413793,0.0114122800801943,0.3,28.1886
6.199801,-0.0661866206896551,0.0116851735011403,0.3,28.0387
6.216848,-0.0656762758620689,0.0180566368790052,0.3,29.0514
6.250199,-0.0650638620689655,0.0315658617439642,0.3,29.2876
6.267175,-0.0647576551724137,0.0186625708786997,0.3,29.5555
6.283561,-0.0644412413793103,0.0193095933190893,0.3,29.4602
6.300212,-0.064119724137931,0.0193873330452117,0.3,29.6963
6.316992,-0.0637931034482758,0.0136514349567706,0.3,30.4185
6.349185,-0.0634511724137931,0.0138454353110653,0.3,29.937
6.366016,-0.0631143448275862,0.0197445565549539,0.3,30.7953
6.383562,-0.0625121379310344,0.0357472685165456,0.3,30.8635
6.400551,-0.0621651034482758,0.0210962096234415,0.3,31.2541
6.416946,-0.0618078620689655,0.0219942837467725,0.3,31.4629
6.4335,-0.0614404137931034,0.0221247757624079,0.3,31.7263
6.450162,-0.0610729655172413,0.0223379136669825,0.3,32.3622
6.466856,-0.0606953103448275,0.0189503379710995,0.3,32.5438
6.500253,-0.060123724137931,0.0173366528077569,0.3,33.107
6.533482,-0.0592510344827586,0.0401431023593673,0.3,33.4839
6.550507,-0.0588478620689655,0.0238931144834125,0.3,33.9289
6.56723,-0.0584446896551724,0.0245085609189879,0.3,34.0333
6.583824,-0.0580313103448275,0.0248216230542109,0.3,34.9144
6.600538,-0.0576179310344827,0.0253695103889356,0.3,34.7554
6.616815,-0.0571943448275862,0.0254942044475808,0.3,35.2142
6.633768,-0.0567707586206896,0.025519533552983,0.3,35.2459
6.650212,-0.0563420689655172,0.0177228404162471,0.3,35.255
6.682721,-0.0559031724137931,0.0179483350963413,0.3,35.6139
6.699403,-0.0554591724137931,0.0260813435819252,0.3,36.631
6.716964,-0.0546681379310344,0.0477159176474014,0.3,37.0579
6.733542,-0.0542190344827586,0.0271920595737254,0.3,37.5939
6.750559,-0.0537546206896551,0.0280678918820323,0.3,37.6711
6.766816,-0.0532851034482758,0.0284091027639206,0.3,37.9798
6.783613,-0.0528155862068965,0.0283803142589655,0.3,38.3613
6.800443,-0.0523307586206896,0.0289507375855546,0.3,38.5294
6.81693,-0.0518510344827586,0.0195581994877613,0.3,39.1198
6.850242,-0.0509936551724138,0.0509599798640823,0.3,39.2559
6.866885,-0.0504935172413793,0.0252236463059117,0.3,39.2106
6.900217,-0.0494830344827586,0.045654046175759,0.3,40.2869
6.916873,-0.0489726896551724,0.0306695787857114,0.3,40.8682
6.93383,-0.0484521379310344,0.0314971042251658,0.3,40.582
6.950251,-0.0479213793103448,0.0321010415319743,0.3,41.1952
6.966898,-0.0473906206896551,0.0316607999541445,0.3,41.4267
6.98394,-0.0468547586206896,0.0218728139501825,0.3,42.2805
7.015896,-0.0463188965517241,0.0221766256273749,0.3,41.7129
7.032727,-0.0457728275862069,0.0318744167125312,0.3,41.5857
7.05048,-0.0452165517241379,0.0322460067282458,0.3,41.504
7.067229,-0.0442366896551724,0.0594965579729036,0.3,42.98
7.083784,-0.0436753103448275,0.0343291675678386,0.3,42.5122
7.100232,-0.043103724137931,0.0348358244086141,0.3,43.2843
7.116893,-0.0425219310344827,0.0344837805440105,0.3,43.7384
7.133975,-0.0419401379310344,0.0238644461155847,0.3,43.8473
7.165865,-0.0413532413793103,0.0239998483688065,0.3,44.1198
7.183526,-0.0403121379310344,0.0614909250060011,0.3,44.5967
7.200193,-0.0397099310344827,0.0272181189632095,0.3,45.2416
7.233589,-0.0384902068965517,0.0646704453910829,0.3,45.9319
7.25024,-0.0378726896551724,0.0370921197294517,0.3,45.9273
7.267023,-0.0372500689655172,0.0375715865136029,0.3,46.6085
7.283519,-0.0366223448275862,0.037668931027211,0.3,46.0408
7.300216,-0.035999724137931,0.0253213396568623,0.3,46.3042
7.332495,-0.0353822068965517,0.0248150075555394,0.3,46.0908
7.350241,-0.0343104827586206,0.0355374538380871,0.3,45.614
7.383815,-0.0335602758620689,0.0268591790713141,0.3,45.3959
7.400213,-0.0329682758620689,0.0397481424010028,0.3,45.5367
7.417326,-0.0322282758620689,0.0352309052574303,0.3,45.6413
7.433675,-0.0313504827586206,0.0612005789243938,0.3,44.9645
7.450186,-0.0307788965517241,0.0340828363433742,0.3,45.4459
7.467216,-0.0302073103448275,0.023218315764592,0.3,45.1871
7.499202,-0.0296408275862068,0.0229133142832721,0.3,44.7011
7.516858,-0.0286609655172413,0.0321984118350918,0.3,45.3778
7.550675,-0.0275688275862068,0.0584436263582281,0.3,44.1834
7.566917,-0.0270278620689655,0.0326836308679666,0.3,44.6284
7.583622,-0.0264919999999999,0.0318232744474499,0.3,43.9927
7.600434,-0.0259612413793103,0.0315292209941098,0.3,43.9927
7.616966,-0.0254406896551724,0.0312170428179709,0.3,43.9836
7.633621,-0.0249252413793103,0.0306267543590055,0.3,43.8655
7.650626,-0.0244097931034482,0.0207297935382804,0.3,44.0881
7.683561,-0.0235217931034482,0.0509778407133831,0.3,43.7611
7.700224,-0.0230267586206896,0.0296996929900777,0.3,43.2343
7.716897,-0.022531724137931,0.0293838147049364,0.3,42.3669
7.733571,-0.0220468965517241,0.0291144024144666,0.3,42.9754
7.750202,-0.0215620689655172,0.0289394456687054,0.3,43.3115
7.766901,-0.0210823448275862,0.0282562772908955,0.3,42.6439
7.783796,-0.0206128275862068,0.0276106735988987,0.3,42.5939
7.800726,-0.0201484137931034,0.0190208794685226,0.3,42.662
7.832628,-0.019684,0.0185142328164778,0.3,41.9218
7.850343,-0.0188878620689655,0.047563855616536,0.3,42.2805
7.866974,-0.0184387586206896,0.019810734040552,0.3,41.3269
7.900577,-0.0175660689655172,0.046275600099718,0.3,41.6584
7.916899,-0.0171373793103448,0.02584220321616,0.3,40.582
7.933557,-0.0167137931034482,0.0254055183168328,0.3,41.0225
7.950245,-0.0162902068965517,0.0171829768909368,0.3,41.4949
7.982563,-0.015871724137931,0.016679628355368,0.3,40.3777
7.999506,-0.0154685517241379,0.0236347417276883,0.3,40.5095
8.016464,-0.0150704827586206,0.0235513764824774,0.3,40.5231
8.033527,-0.0143713103448275,0.0405512370359851,0.3,40.4323
8.050517,-0.0139783448275862,0.0173638483688972,0.3,39.9463
8.083786,-0.0132128275862068,0.0398390790577765,0.3,39.365
8.100183,-0.0128453793103448,0.022174845409738,0.3,39.4921
8.116927,-0.0124779310344827,0.0215812959382623,0.3,39.6556
8.133999,-0.0121155862068965,0.0145250642275399,0.3,39.0063
8.166468,-0.0117583448275862,0.0142700671952852,0.3,38.8564
8.18371,-0.0111459310344827,0.0355788075476623,0.3,38.2977
8.200636,-0.010804,0.020472902837958,0.3,37.9345
8.216864,-0.0104671724137931,0.0202954289225557,0.3,38.2024
8.233577,-0.010135448275862,0.0195516859510438,0.3,38.0617
8.250275,-0.0098139310344827,0.0192721477779367,0.3,37.4122
8.266943,-0.0094924137931034,0.0191453384571007,0.3,37.1443
8.283862,-0.0091708965517241,0.018714012996185,0.3,37.1806
8.300486,-0.0088646896551724,0.0126920138401631,0.3,37.1487
8.332516,-0.0085533793103448,0.0123109271011652,0.3,36.8853
8.350572,-0.0080328275862068,0.0296115514368964,0.3,36.0406
8.367224,-0.0077419310344827,0.0173223689091903,0.3,36.5447
8.383569,-0.0074612413793103,0.0168354174102344,0.3,36.1497
8.400266,-0.0071856551724137,0.0164967350211932,0.3,35.9862
8.41698,-0.0069100689655172,0.0165383146935849,0.3,35.6364
8.433593,-0.0066344827586206,0.0161021085058298,0.3,35.4366
8.450259,-0.0063742068965517,0.010626106886134,0.3,35.4685
8.482581,-0.0061139310344827,0.0104034286493778,0.3,35.2278
8.499805,-0.0058587586206896,0.0145388933440258,0.3,34.5738
8.516981,-0.0056137931034482,0.014484716014746,0.3,34.9552
8.533629,-0.0051902068965517,0.0238267486432897,0.3,34.3876
8.55055,-0.0049656551724137,0.013375728147363,0.3,34.2015
8.567205,-0.0047411034482758,0.0135823359514286,0.3,34.81
8.583991,-0.004511448275862,0.0134098459679852,0.3,33.293
8.600315,-0.0042971034482758,0.0096771254096187,0.3,33.4384
8.633564,-0.004031724137931,0.0085630078905831,0.3,32.9934
8.649186,-0.0038786206896551,0.0108465320412421,0.3,32.9934
8.666952,-0.0035264827586206,0.0193124010209773,0.3,32.0442
8.683941,-0.0033376551724137,0.0113471297522322,0.3,31.9217
8.700234,-0.0031488275862068,0.0083032903554248,0.3,31.7626
8.733726,-0.0027915862068965,0.0185142328164778,0.3,31.4947
8.750265,-0.0026180689655172,0.0099962072602392,0.3,31.1678
8.766911,-0.0024598620689655,0.0094078373354576,0.3,30.8408
8.783898,-0.0023016551724137,0.0063596319753956,0.3,30.5865
8.815862,-0.0021485517241379,0.0061788891727208,0.3,30.2412
8.833891,-0.0018882758620689,0.0141987829614606,0.3,29.9824
8.850241,-0.0017504827586206,0.008268413048201,0.3,29.6418
8.867221,-0.0016126896551724,0.0078958438067489,0.3,29.3148
8.883851,-0.0014851034482758,0.0075679861246632,0.3,28.9742
8.900264,-0.0013626206896551,0.0072549170941117,0.3,28.7427
8.916913,-0.0012452413793103,0.0069806310047472,0.3,28.9515
8.933894,-0.0011278620689655,0.0066968394661039,0.3,27.9797
8.950444,-0.0010206896551724,0.0043014838276117,0.3,27.9025
8.982538,-0.0009186206896551,0.0040574567366292,0.3,27.0669
9.000565,-0.0007553103448275,0.0088810428063168,0.3,26.0041
9.017312,-0.000663448275862,0.0037991184879563,0.3,25.2684
9.050268,-0.0005103448275862,0.0075602160995824,0.3,23.6199
9.067144,-0.0004388965517241,0.0042289598024308,0.3,22.6616
9.084058,-0.000367448275862,0.0039935488825744,0.3,21.599
9.10037,-0.0003062068965517,0.002526042703776,0.3,20.5
9.132546,-0.0002449655172413,0.0021641374296899,0.3,18.5427
9.149892,-0.0001990344827586,0.0026663010177782,0.3,17.0031
9.166999,-0.0001531034482758,0.0023983074107495,0.3,15.5089
9.183939,-9.186206896551724e-05,0.0031166096341142,0.3,15.2319
9.200314,-6.63448275862069e-05,0.0015468744774072,0.3,15.1366
9.216931,-4.082758620689655e-05,0.0013777794787401,0.3,14.8686
9.233651,-2.0413793103448275e-05,0.0010703540847026,0.3,12.8068
9.250307,-5.103448275862069e-06,0.0007672742995252,0.3,12.439
9.266908,5.103448275862069e-06,0.0003033343205362,0.3,12.3163
9.283956,5.103448275862069e-06,0.0,0.3,12.2028
9.316513,5.103448275862069e-06,0.0,0.3,10.4953
9.333574,5.103448275862069e-06,0.0,0.3,6.7849
9.350441,5.103448275862069e-06,0.0,0.3,4.2962
9.36703,5.103448275862069e-06,0.0,0.3,3.6286
9.383574,5.103448275862069e-06,0.0,0.3,3.0337
9.400357,5.103448275862069e-06,0.0,0.3,2.6068
9.417154,5.103448275862069e-06,0.0,0.3,2.3298
9.433848,5.103448275862069e-06,0.0,0.3,2.0846
9.46691,5.103448275862069e-06,0.0,0.3,1.4897
9.48361,5.103448275862069e-06,-0.0001017312178739,0.3,1.2263
9.517076,-0.0,-7.643210788908547e-05,0.3,1.2353
9.550381,-0.0,-0.0006177387007035,0.3,-1.049
9.566904,-1.0206896551724136e-05,-0.0007670897754189,0.3,-2.4159
9.583646,-2.5517241379310345e-05,-0.0010699693881344,0.3,-4.4823
9.600292,-4.593103448275861e-05,-0.0010424774335332,0.3,-6.4215
9.633615,-9.69655172413793e-05,-0.0031333964631881,0.3,-11.6396
9.650517,-0.0001326896551724,-0.0024462304497841,0.3,-13.1519
9.666995,-0.0001786206896551,-0.0028962221398262,0.3,-15.4044
9.683997,-0.0002296551724137,-0.003066699682037,0.3,-18.0884
9.700278,-0.0002806896551724,-0.0033948918138897,0.3,-19.9094
9.717069,-0.0003419310344827,-0.0038253292626316,0.3,-21.1674
9.733631,-0.0004082758620689,-0.0041420357545998,0.3,-22.8069
9.750336,-0.000479724137931,-0.0029169109743848,0.3,-24.9868
9.78262,-0.0005511724137931,-0.0031287104991492,0.3,-26.4854
9.799271,-0.0006328275862068,-0.0047552731219633,0.3,-27.9159
9.816963,-0.0007859310344827,-0.0096456408261516,0.3,-30.7498
9.833894,-0.0008777931034482,-0.0058204338210257,0.3,-31.3811
9.850282,-0.0009798620689655,-0.0063329715287635,0.3,-32.8615
9.866934,-0.0010870344827586,-0.0065892468130576,0.3,-33.5337
9.883586,-0.0011993103448275,-0.0070451539730404,0.3,-34.8007
9.900256,-0.0013217931034482,-0.0071931286800671,0.3,-34.1922
9.916932,-0.0014391724137931,-0.0072765637083435,0.3,-35.3775
9.933921,-0.0015667586206896,-0.0052482378978677,0.3,-36.1767
9.966525,-0.001699448275862,-0.0054349821894163,0.3,-35.7226
9.983688,-0.0019444137931034,-0.0150480783197286,0.3,-36.5673
10.000306,-0.0020873103448275,-0.008662275972966,0.3,-36.7672
10.01727,-0.0022353103448275,-0.0091670477667193,0.3,-37.7936
10.033709,-0.0023935172413793,-0.009883819211256,0.3,-37.848
10.050316,-0.0025619310344827,-0.0100479561543732,0.3,-37.2849
10.067231,-0.0027303448275862,-0.0100991720498593,0.3,-37.5302
10.083668,-0.0028987586206896,-0.0106833750803059,0.3,-38.5474
10.10067,-0.0030875862068965,-0.0074207988501103,0.3,-38.5973
10.133597,-0.0034091034482758,-0.0113215398926185,0.3,-39.2696
10.166992,-0.0037969655172413,-0.0211548160899135,0.3,-39.3648
10.183879,-0.0040062068965517,-0.0125700696449806,0.3,-39.9325
10.200284,-0.004215448275862,-0.012953697201076,0.3,-39.6918
10.216973,-0.0044348965517241,-0.0129324480054937,0.3,-39.5647
10.233827,-0.0046492413793103,-0.0131567658420254,0.3,-40.1324
10.250332,-0.0048737931034482,-0.0092983724318647,0.3,-40.1732
10.282675,-0.005103448275862,-0.0094746693851137,0.3,-40.9771
10.299887,-0.0053433103448275,-0.0139979614814574,0.3,-41.4267
10.316946,-0.005772,-0.0262749372440204,0.3,-41.4403
10.33365,-0.0060220689655172,-0.0113181106995003,0.3,-41.9444
10.366997,-0.0065426206896551,-0.0277656559065215,0.3,-42.1396
10.383907,-0.006808,-0.0159611017474014,0.3,-42.9208
10.40057,-0.0070784827586206,-0.0164662113052872,0.3,-43.3249
10.41707,-0.0073540689655172,-0.011319800657064,0.3,-43.2297
10.449261,-0.0076296551724137,-0.0114508046859918,0.3,-43.8563
10.467012,-0.0081451034482758,-0.0199229637244191,0.3,-44.0969
10.500354,-0.0085942068965517,-0.018039868688267,0.3,-44.2287
10.517085,-0.0090484137931034,-0.0232691645298331,0.3,-44.2968
10.533691,-0.0093699310344827,-0.0193184667054801,0.3,-45.2686
10.550371,-0.009691448275862,-0.019132956465801,0.3,-46.0089
10.567033,-0.0100078620689655,-0.0131583311047622,0.3,-45.7183
10.600668,-0.0105896551724137,-0.0336339462781408,0.3,-46.2723
10.616993,-0.0109315862068965,-0.0207690366254301,0.3,-46.9808
10.633595,-0.0112735172413793,-0.020697470194944,0.3,-46.8355
10.650527,-0.0116256551724137,-0.0212554476641943,0.3,-46.6311
10.666969,-0.0119828965517241,-0.0212497172316703,0.3,-46.5539
10.68391,-0.0123350344827586,-0.021560635412631,0.3,-46.7992
10.700344,-0.0127024827586206,-0.0221430922529097,0.3,-48.2524
10.717329,-0.0130750344827586,-0.0225287356321835,0.3,-48.2433
10.733644,-0.0134526896551724,-0.0230610114970407,0.3,-48.0117
10.750303,-0.013835448275862,-0.0201723363501656,0.3,-48.7065
10.767039,-0.0141263448275862,-0.0203654061234856,0.3,-48.3523
10.783632,-0.0145142068965517,-0.0236135875516864,0.3,-48.7065
10.800322,-0.0149122758620689,-0.0238663582542105,0.3,-48.5158
10.817204,-0.015315448275862,-0.0242868598923123,0.3,-49.8192
10.833733,-0.015723724137931,-0.024633514062324,0.3,-50.1916
10.850352,-0.016132,-0.0247918502065985,0.3,-49.9873
10.867081,-0.0165504827586206,-0.025416951600406,0.3,-49.7964
10.883683,-0.0169791724137931,-0.025594638339559,0.3,-50.4277
10.90038,-0.0174027586206896,-0.0223815279888216,0.3,-50.3188
10.916974,-0.0177242758620689,-0.0228702755903472,0.3,-51.1588
10.933629,-0.0181631724137931,-0.0264466975714156,0.3,-52.0354
10.950358,-0.0186071724137931,-0.0265978750454419,0.3,-51.8538
10.967207,-0.0190562758620689,-0.0269058572313339,0.3,-51.2679
10.983931,-0.0195104827586206,-0.0273042185904087,0.3,-52.2897
11.000664,-0.0199697931034482,-0.0277621170073184,0.3,-51.7629
11.01702,-0.0204291034482758,-0.0280030893971024,0.3,-53.4297
11.034015,-0.020903724137931,-0.0282126071244833,0.3,-52.9346
11.050666,-0.0213783448275862,-0.029135993800852,0.3,-53.9383
11.066945,-0.0218631724137931,-0.0256952506458322,0.3,-53.5341
11.083636,-0.0222255172413793,-0.0253118666528753,0.3,-53.3842
11.100616,-0.022715448275862,-0.0294979340912635,0.3,-53.4433
11.117027,-0.0232104827586206,-0.0299712104352266,0.3,-53.5749
11.13365,-0.0237055172413793,-0.0299505275960695,0.3,-54.247
11.150595,-0.0242158620689655,-0.0304688049590935,0.3,-54.0971
11.166982,-0.0247211034482758,-0.0311223448775543,0.3,-54.6786
11.183719,-0.0252467586206896,-0.0313338793180908,0.3,-55.2008
11.200371,-0.0257673103448275,-0.0312859767489816,0.3,-55.3824
11.216996,-0.0262878620689655,-0.0317317611769633,0.3,-55.9864
11.233663,-0.026823724137931,-0.0281704710733371,0.3,-55.8093
11.25033,-0.0272268965517241,-0.0285408875585666,0.3,-55.7548
11.266922,-0.0277729655172413,-0.0325410711797221,0.3,-56.5723
11.283735,-0.0283139310344827,-0.0324432739516519,0.3,-55.9047
11.300585,-0.0288651034482758,-0.0332611355836634,0.3,-55.95
11.317184,-0.0294264827586206,-0.0336245880833055,0.3,-57.0218
11.333976,-0.0299878620689655,-0.0342068632360536,0.3,-57.7166
11.350305,-0.030559448275862,-0.034153681217131,0.3,-58.0846
11.367298,-0.0311259310344827,-0.0339897540795364,0.3,-56.6948
11.384088,-0.031707724137931,-0.0355393333973684,0.3,-58.4433
11.400326,-0.032299724137931,-0.0312809974427758,0.3,-58.3525
11.417044,-0.0327386206896551,-0.0307610083434769,0.3,-57.7985
11.434005,-0.033335724137931,-0.0357528322642259,0.3,-58.6795
11.450303,-0.033927724137931,-0.0316974761119726,0.3,-59.1473
11.467011,-0.0343819310344827,-0.0366613807613777,0.3,-59.4879
11.483573,-0.035147448275862,-0.0413507497669092,0.3,-59.0292
11.500334,-0.0357598620689655,-0.0369427921018998,0.3,-60.5596
11.517004,-0.0363824827586206,-0.0373352136032843,0.3,-60.0964
11.533687,-0.0370051034482758,-0.0373289806095991,0.3,-61.091
11.550636,-0.0376379310344827,-0.03765930575223,0.3,-60.2282
11.567024,-0.0382605517241379,-0.0251775524995137,0.3,-60.06
11.600314,-0.0393271724137931,-0.0599964529124139,0.3,-59.3516
11.617382,-0.0399344827586206,-0.0362978585132736,0.3,-58.9565
11.633636,-0.0405366896551724,-0.0364376965676467,0.3,-58.8521
11.650296,-0.0411337931034482,-0.0353301531924027,0.3,-58.4797
11.667004,-0.0417155862068965,-0.0350641960747806,0.3,-58.8521
11.683626,-0.0423024827586206,-0.0352638677957178,0.3,-58.893
11.70029,-0.0428893793103448,-0.0347329483306564,0.3,-58.2026
11.71698,-0.0434609655172413,-0.0338562490210802,0.3,-57.4806
11.733754,-0.0440223448275862,-0.0295235752425324,0.3,-57.2444
11.750342,-0.0444459310344827,-0.0293966906596237,0.3,-57.753
11.76726,-0.0450073103448275,-0.0335763262659236,0.3,-56.8766
11.783629,-0.0455635862068965,-0.0332341893812363,0.3,-55.9455
11.800429,-0.0461096551724137,-0.0326162530832511,0.3,-57.2762
11.816957,-0.0466506206896551,-0.032132596867,0.3,-57.1217
11.833941,-0.0471864827586206,-0.0321250603378511,0.3,-57.4215
11.850318,-0.0477223448275862,-0.031930927124151,0.3,-55.9592
11.867345,-0.0482531034482758,-0.0315112653186944,0.3,-55.7957
11.883681,-0.0487736551724137,-0.0275268565529357,0.3,-56.0319
11.900346,-0.0491615172413793,-0.0267716860993964,0.3,-55.991
11.917041,-0.0496667586206896,-0.030249826778865,0.3,-55.9274
11.934088,-0.0501822068965517,-0.0304569262826969,0.3,-55.6322
11.950386,-0.0506823448275862,-0.0302171741602319,0.3,-54.9737
11.967022,-0.0511773793103448,-0.0295829859510844,0.3,-55.3598
11.983681,-0.0516673103448275,-0.0290296807638825,0.3,-55.1916
12.0006,-0.0521521379310344,-0.0287522498029022,0.3,-54.6603
12.017228,-0.0526318620689655,-0.0289312871532148,0.3,-54.901
12.033763,-0.0531115862068965,-0.0286002223353515,0.3,-54.4377
12.050418,-0.0535811034482758,-0.0245490867698261,0.3,-54.2062
12.067025,-0.0539281379310344,-0.0185606184643318,0.3,-54.2925
12.100311,-0.0548365517241379,-0.0454669779721013,0.3,-54.615
12.117309,-0.0552907586206896,-0.0268916169142163,0.3,-54.7103
12.133712,-0.0557347586206896,-0.0267002314006156,0.3,-53.7112
12.150376,-0.0561736551724137,-0.0261668486093197,0.3,-53.7929
12.167258,-0.0566125517241379,-0.0256325118467863,0.3,-53.475
12.184024,-0.0570361379310344,-0.0253589401167634,0.3,-52.8892
12.200464,-0.0574546206896551,-0.0171907391550391,0.3,-53.8065
12.233665,-0.0581895172413793,-0.0403277493139904,0.3,-52.4577
12.250681,-0.0585977931034482,-0.0240714409926457,0.3,-52.6666
12.267375,-0.0590009655172413,-0.0241370946833165,0.3,-52.0671
12.283665,-0.0593939310344827,-0.0235421469710868,0.3,-52.1762
12.300759,-0.0597868965517241,-0.0232838317304299,0.3,-51.8674
12.316981,-0.0601696551724137,-0.0233925474199416,0.3,-52.1445
12.333702,-0.0605575172413793,-0.0227090874452273,0.3,-51.981
12.350466,-0.0609300689655172,-0.022326534871779,0.3,-51.4858
12.367075,-0.0613026206896551,-0.0223012476643964,0.3,-51.3997
12.383648,-0.0616700689655172,-0.0215565963225773,0.3,-51.0453
12.400693,-0.0620273103448275,-0.018550805638804,0.3,-51.0453
12.417211,-0.0622926896551724,-0.0185579937304074,0.3,-51.3859
12.433968,-0.0626448275862068,-0.0209789918243633,0.3,-50.7274
12.450295,-0.0629867586206896,-0.0208392219606602,0.3,-50.0781
12.467029,-0.0633337931034482,-0.0204908632158417,0.3,-50.0099
12.483669,-0.0636706206896551,-0.0198911157840763,0.3,-49.4922
12.500383,-0.0639972413793103,-0.0195821631137133,0.3,-49.7919
12.517028,-0.0643238620689655,-0.0193144049127028,0.3,-50.3052
12.533676,-0.0646402758620689,-0.016450452582991,0.3,-49.7783
12.550533,-0.0648750344827586,-0.0161347386435623,0.3,-49.7556
12.567204,-0.0651812413793103,-0.0181775020900204,0.3,-49.3287
12.583943,-0.0654823448275862,-0.0181568507781511,0.3,-49.4694
12.600652,-0.0657885517241379,-0.0182348795322248,0.3,-49.6103
12.616968,-0.0660845517241379,-0.0174828610674959,0.3,-48.9563
12.633638,-0.0663652413793103,-0.016857097414691,0.3,-48.7429
12.650573,-0.0666510344827586,-0.0168165635166146,0.3,-48.8292
12.667324,-0.066931724137931,-0.0166150910015104,0.3,-48.3796
12.683746,-0.0672022068965517,-0.0162426743343798,0.3,-48.198
12.700315,-0.0674675862068965,-0.013806370831657,0.3,-48.0526
12.717014,-0.0676615172413793,-0.0135896507360712,0.3,-47.4713
12.733738,-0.0679217931034482,-0.015275669058823,0.3,-47.4077
12.750423,-0.0681718620689655,-0.0150308929204334,0.3,-47.4349
12.767012,-0.0684219310344827,-0.0147369840421943,0.3,-47.6802
12.783668,-0.0686617931034482,-0.01414287343649,0.3,-46.7492
12.800571,-0.0688965517241379,-0.0140578233294205,0.3,-46.89
12.817067,-0.0691313103448275,-0.013871416550724,0.3,-47.1307
12.833683,-0.0693558620689655,-0.0133385405713943,0.3,-45.9953
12.850354,-0.0695753103448275,-0.0129920963026227,0.3,-46.1133
12.867072,-0.0697896551724137,-0.0110186000918214,0.3,-46.7356
12.883702,-0.0699427586206896,-0.0108746947054685,0.3,-46.1816
12.900392,-0.0701519999999999,-0.0122403196542937,0.3,-46.0134
12.917057,-0.0703510344827586,-0.0117979319455201,0.3,-45.3822
12.9337,-0.0705449655172413,-0.011369293075793,0.3,-45.1325
12.950723,-0.0707337931034482,-0.0111619295963667,0.3,-45.305
12.967077,-0.0709175172413793,-0.0111246828901622,0.3,-45.1415
12.983753,-0.0711012413793103,-0.0105655114475223,0.3,-44.5602
13.000406,-0.0712696551724137,-0.010089189342726,0.3,-44.4375
13.017138,-0.0714380689655172,-0.009953913999011,0.3,-44.4013
13.033732,-0.0716013793103448,-0.0084440797560972,0.3,-43.5656
13.050379,-0.0717187586206896,-0.0082776021054444,0.3,-44.2105
13.067025,-0.0718769655172413,-0.0091970594266748,0.3,-44.0925
13.083673,-0.0720249655172413,-0.0085707933257839,0.3,-43.8473
13.10037,-0.0721627586206896,-0.0083991039580003,0.3,-43.6066
13.117092,-0.0723056551724137,-0.0080421835286978,0.3,-42.9707
13.134003,-0.0724332413793103,-0.0076829077106282,0.3,-42.8617
13.150305,-0.0725608275862068,-0.0075769290242771,0.3,-42.73
13.167007,-0.0726833103448275,-0.007033544677163,0.3,-42.8391
13.183682,-0.0727955862068965,-0.0067136581498468,0.3,-41.5402
13.200454,-0.0729078620689655,-0.0058042330444976,0.3,-42.2123
13.217094,-0.0729895172413793,-0.0054775986980423,0.3,-41.7718
13.233995,-0.0730915862068965,-0.0059905036195218,0.3,-42.0533
13.250319,-0.0731885517241379,-0.0055137642306962,0.3,-40.9771
13.267316,-0.0732753103448275,-0.0050093335247901,0.3,-40.4685
13.283939,-0.0733569655172413,-0.0050803557497268,0.3,-40.918
13.300466,-0.073443724137931,-0.0047165398608273,0.3,-40.2959
13.317482,-0.0735151724137931,-0.0042862964702179,0.3,-40.3594
13.333804,-0.0735866206896551,-0.0041962756478445,0.3,-39.7418
13.350319,-0.0736529655172413,-0.0036583858608334,0.3,-38.393
13.367284,-0.0737091034482758,-0.0021715041089496,0.3,-37.0351
13.400404,-0.0738009655172413,-0.0047044519452548,0.3,-34.2103
13.41703,-0.0738417931034482,-0.0026070080438007,0.3,-32.9978
13.433683,-0.073887724137931,-0.0022957482122639,0.3,-31.1631
13.450375,-0.0739183448275862,-0.0018341233695822,0.3,-29.5964
13.467073,-0.0739489655172413,-0.001526927048997,0.3,-27.7207
13.483798,-0.0739693793103448,-0.0010222844188657,0.3,-25.7996
13.516995,-0.074,-0.0005455232863667,0.3,-22.8887
13.55041,-0.0740102068965517,-0.0002867427955875,0.3,-18.588
13.567082,-0.0740102068965517,0.0,0.3,-17.398
13.583792,-0.0740102068965517,0.0,0.3,-16.7804
13.600462,-0.0740102068965517,0.000153579544865,0.3,-16.0084
13.617022,-0.0740051034482758,0.0001524691765017,0.3,-15.7677
13.633934,-0.0740051034482758,0.0,0.3,-15.5451
13.650628,-0.0740051034482758,0.0,0.3,-15.1592
13.666974,-0.0740051034482758,0.0001543599381723,0.3,-14.5733
13.68369,-0.074,0.0001530544708449,0.3,-14.4961
13.700318,-0.074,0.0,0.3,-14.5324
13.717016,-0.074,0.0,0.3,-14.5824
13.733681,-0.074,0.0001528848229791,0.3,-14.3645
13.750397,-0.0739948965517241,0.0001529306366565,0.3,-13.5833
13.767052,-0.0739948965517241,0.0003063110423059,0.3,-11.7757
13.783719,-0.0739846896551724,0.0009095704635425,0.3,-9.8866
13.800717,-0.0739642758620689,0.0013776968260224,0.3,-7.4297
13.817058,-0.0739387586206896,0.0017020262266773,0.3,-5.5813
13.8337,-0.0739081379310344,0.0019898274724432,0.3,-3.8102
13.8504,-0.0738724137931034,0.0019868479751498,0.3,-2.4068
13.867092,-0.0738417931034482,0.0023009234787473,0.3,-1.662
13.88367,-0.0737958620689655,0.0028803920283204,0.3,-0.8947
13.900756,-0.0737448275862068,0.0032096197715885,0.3,-1.4713
13.917061,-0.0736886896551724,0.0033743834961965,0.3,-1.6076
13.934029,-0.0736325517241379,0.0035255394468919,0.3,0.4316
13.950355,-0.0735713103448275,0.0040239470863506,0.3,2.4978
13.967004,-0.0734998620689655,0.0039773884227818,0.3,3.9601
13.983716,-0.0734386206896551,0.0048510424722295,0.3,5.6722
14.000669,-0.0733365517241379,0.0055174070672097,0.3,7.557
14.017015,-0.0732548965517241,0.0051945048910098,0.3,9.4144
14.034073,-0.0731630344827586,0.0048961278617175,0.3,11.4761
14.05037,-0.0730915862068965,0.0054066861293453,0.3,12.0802
14.06711,-0.0729844137931034,0.0065779885453695,0.3,12.1074
14.083731,-0.0728721379310344,0.0066027282423294,0.3,12.1074
14.100346,-0.0727649655172413,0.0066934459323338,0.3,12.2891
14.117279,-0.0726475862068965,0.0071868784708767,0.3,15.0911
14.133721,-0.0725251034482758,0.007660304818021,0.3,15.1819
14.15059,-0.0723924137931034,0.0076469901343494,0.3,15.5089
14.16709,-0.0722699310344827,0.0080114508783344,0.3,19.8233
14.183715,-0.0721270344827586,0.0086496551314011,0.3,21.2175
14.200721,-0.0719790344827586,0.0078203191535654,0.3,21.0904
14.216997,-0.0718667586206896,0.0080454543078616,0.3,21.1857
14.233706,-0.0717136551724137,0.0094058796998645,0.3,21.6262
14.250637,-0.0715503448275862,0.0097705791275593,0.3,21.5717
14.267135,-0.0713870344827586,0.0101140313547397,0.3,22.0986
14.28394,-0.0712135172413793,0.0103759637253669,0.3,22.5436
14.300581,-0.0710399999999999,0.0105689996708828,0.3,22.4482
14.317258,-0.0708613793103448,0.0108123904149616,0.3,23.1068
14.334093,-0.0706776551724138,0.011233279787063,0.3,22.8887
14.350423,-0.0704888275862068,0.0101976259826495,0.3,23.1068
14.367123,-0.0703408275862068,0.0104352442494168,0.3,23.4927
14.383679,-0.0701417931034482,0.0120303289408014,0.3,23.2839
14.400636,-0.0699376551724137,0.0123922090756288,0.3,24.442
14.417037,-0.0697284137931034,0.0130980133291551,0.3,23.9968
14.433755,-0.0695038620689655,0.0132810864167986,0.3,25.1004
14.450468,-0.0692844137931034,0.013338941296641,0.3,24.7462
14.467041,-0.0690598620689655,0.0138175850554317,0.3,25.7453
14.483709,-0.0688251034482758,0.0142097748467166,0.3,25.2957
14.500442,-0.0685852413793103,0.0143841005646313,0.3,25.8725
14.51706,-0.0683453793103448,0.0128836225032279,0.3,25.6226
14.533716,-0.0681565517241379,0.0130565685474979,0.3,26.3493
14.550675,-0.0679064827586206,0.0150539711373082,0.3,26.2494
14.567278,-0.0676513103448275,0.0154311970739775,0.3,26.5628
14.584078,-0.0673910344827586,0.0162058328484101,0.3,27.2576
14.600344,-0.067115448275862,0.0164443932158044,0.3,27.3575
14.617285,-0.0668449655172413,0.0162520525451558,0.3,28.2658
14.633944,-0.0665693793103448,0.016931666276735,0.3,27.4483
14.650742,-0.0662784827586206,0.0175922440642343,0.3,27.9388
14.667015,-0.0659875862068965,0.0176877294754261,0.3,28.4111
14.683923,-0.0656915862068965,0.0156050040211613,0.3,28.0296
14.700373,-0.0654670344827586,0.0158296495441866,0.3,28.7699
14.71713,-0.0651659310344827,0.0158672233390039,0.3,29.2104
14.733823,-0.0649362758620689,0.0187169905202219,0.3,29.0606
14.750395,-0.0645433103448275,0.0212918122983709,0.3,29.9552
14.76714,-0.0642268965517241,0.0194245191666759,0.3,30.0369
14.783762,-0.0638951724137931,0.0197707862997903,0.3,29.8098
14.800697,-0.063563448275862,0.0201898691006943,0.3,31.0678
14.817128,-0.0632215172413793,0.0205547398912736,0.3,30.6817
14.833719,-0.0628846896551724,0.0139874837693139,0.3,30.7863
14.867056,-0.0622773793103448,0.0343829198986244,0.3,31.304
14.883979,-0.0619201379310344,0.0215425622517903,0.3,31.8944
14.900459,-0.0615577931034482,0.0220547930930274,0.3,32.1441
14.917069,-0.0611903448275862,0.0220948286157882,0.3,32.6756
14.933951,-0.0608177931034482,0.0225226484299051,0.3,32.7481
14.950378,-0.0604401379310344,0.0229054097567165,0.3,32.7708
14.967149,-0.0600573793103448,0.0201959219454911,0.3,33.1206
14.983734,-0.0597664827586206,0.0174675925015243,0.3,33.3568
15.000456,-0.0594755862068965,0.0206877914074221,0.3,34.0561
15.017037,-0.0590775172413793,0.0240924130050915,0.3,34.2831
15.033713,-0.0586743448275862,0.0184374250835664,0.3,34.6374
15.050503,-0.0581588965517241,0.042189535726402,0.3,34.978
15.067153,-0.0577455172413793,0.0210341524735852,0.3,35.4321
15.084956,-0.0574342068965517,0.0187969497808363,0.3,35.4685
15.100548,-0.0571177931034482,0.019714869192401,0.3,35.741
15.117055,-0.0564798620689655,0.0387202300635941,0.3,37.126
15.133794,-0.0561532413793103,0.0197653665061309,0.3,36.6493
15.150363,-0.0556020689655172,0.0329550023194693,0.3,38.1206
15.167088,-0.0552703448275862,0.0199915473903844,0.3,38.2433
15.18406,-0.0549284137931034,0.020377022536465,0.3,38.7201
15.200398,-0.0545915862068965,0.0212370895995017,0.3,38.0434
15.217451,-0.0539026206896551,0.0392439763381884,0.3,39.1651
15.233707,-0.0535555862068965,0.0213981059784581,0.3,38.9336
15.250364,-0.0531983448275862,0.021192464810485,0.3,39.483
15.267421,-0.0524889655172413,0.0441355622483166,0.3,40.0553
15.283725,-0.0521215172413793,0.0220136590271091,0.3,40.246
15.300341,-0.0517642758620689,0.0215822757511585,0.3,41.0861
15.317303,-0.0510242758620689,0.0516635626092157,0.3,41.3087
15.334096,-0.0505292413793103,0.0265194291071993,0.3,41.6992
15.350403,-0.0501464827586206,0.020647871485719,0.3,42.5395
15.383681,-0.0491308965517241,0.0304935827409736,0.3,42.6711
15.417089,-0.0480897931034482,0.0554522834632642,0.3,43.5022
15.433747,-0.0475590344827586,0.0317995554723989,0.3,43.4477
15.450631,-0.0470231724137931,0.0321318024204312,0.3,44.2198
15.467101,-0.0464873103448275,0.0326275945260177,0.3,44.4105
15.483791,-0.0459412413793103,0.0327526744949605,0.3,44.1243
15.500446,-0.0453951724137931,0.0224135827657721,0.3,45.5777
15.533725,-0.0444153103448275,0.0329851744206567,0.3,45.7321
15.567166,-0.0432823448275862,0.0596876816875374,0.3,46.0635
15.58401,-0.0427056551724137,0.030198821273145,0.3,46.6676
15.600627,-0.0422718620689655,0.0264363289561787,0.3,47.7166
15.617021,-0.0418329655172413,0.0399345328695213,0.3,47.4714
15.633726,-0.0409500689655172,0.0444191002130909,0.3,47.4623
15.65034,-0.0403529655172413,0.0358313269644638,0.3,47.9256
15.667197,-0.0397507586206896,0.0247861539803927,0.3,49.1109
15.699344,-0.0391383448275862,0.0244669047968194,0.3,48.7021
15.717049,-0.0380666206896551,0.0648561943701403,0.3,48.7339
15.733731,-0.0374491034482758,0.0375456377270487,0.3,49.9964
15.750351,-0.0368162758620689,0.0378248731962425,0.3,50.0372
15.767057,-0.0361885517241379,0.0368430757883099,0.3,49.5468
15.784011,-0.0355761379310344,0.0362407191823798,0.3,49.0201
15.800854,-0.034963724137931,0.0369692308172666,0.3,48.3661
15.817142,-0.0343513103448275,0.0323915299479225,0.3,48.475
15.833783,-0.0338971034482758,0.0312295135702112,0.3,48.198
15.850806,-0.0332999999999999,0.0356948773234435,0.3,48.357
15.867096,-0.0327079999999999,0.0355011843722829,0.3,47.3033
15.884157,-0.032116,0.0350836328256645,0.3,47.258
15.900553,-0.0315342068965517,0.0351129863492472,0.3,47.1898
15.91715,-0.0309575172413793,0.0346179035896581,0.3,46.5085
15.933723,-0.0303859310344827,0.0338938690047764,0.3,46.5359
15.950878,-0.0298143448275862,0.0338613083846324,0.3,46.7993
15.967182,-0.0292529655172413,0.033892988003815,0.3,46.6948
15.983854,-0.0286966896551724,0.0289925072631538,0.3,46.436
16.000451,-0.0282884137931034,0.0288555872439713,0.3,45.9364
16.017104,-0.0277372413793103,0.0324471294760566,0.3,45.9819
16.03411,-0.0271962758620689,0.0322422775677239,0.3,46.1817
16.050502,-0.0266604137931034,0.0320701370953769,0.3,45.8456
16.067369,-0.0261296551724137,0.031662334575257,0.3,45.2507
16.083867,-0.025604,0.0314741957880123,0.3,45.2143
16.100447,-0.0250885517241379,0.0308360865553501,0.3,45.4278
16.117464,-0.024568,0.0309848381991574,0.3,44.8829
16.133718,-0.0240576551724137,0.0304870979495822,0.3,44.8102
16.150776,-0.0235524137931034,0.0296176194613733,0.3,44.8374
16.167491,-0.0230573793103448,0.025918284659697,0.3,44.3605
16.184053,-0.0226899310344827,0.0258762940992073,0.3,44.3197
16.200822,-0.0221948965517241,0.0296604331325049,0.3,43.7701
16.217089,-0.0217100689655172,0.0289068806562622,0.3,43.4841
16.234013,-0.021235448275862,0.0282646909037164,0.3,43.475
16.250673,-0.0207608275862068,0.0282456151209992,0.3,43.0753
16.267439,-0.0202913103448275,0.0281788321661492,0.3,43.3523
16.283816,-0.0198268965517241,0.0278344601901387,0.3,43.5749
16.300442,-0.0193726896551724,0.0270844899553813,0.3,42.7619
16.317356,-0.0189184827586206,0.0236992774509751,0.3,43.3523
16.33382,-0.0185816551724137,0.0234412364517229,0.3,43.2843
16.350666,-0.0181376551724137,0.026397410863628,0.3,42.5212
16.367073,-0.0177038620689655,0.025869308896842,0.3,42.6211
16.384006,-0.0172751724137931,0.0257231799329397,0.3,42.0035
16.400404,-0.0168464827586206,0.0255585636078966,0.3,41.9399
16.417352,-0.0164228965517241,0.0249044995757247,0.3,41.4858
16.434011,-0.0160095172413793,0.0247547344358853,0.3,41.5177
16.45075,-0.0155961379310344,0.0243994419451981,0.3,41.1771
16.467477,-0.0151929655172413,0.0240866189481539,0.3,41.186
16.484015,-0.0147948965517241,0.0219816828563405,0.3,41.0361
16.517161,-0.0141008275862068,0.0217469203530129,0.3,40.5276
16.533766,-0.0137129655172413,0.0228104064773348,0.3,40.909
16.550721,-0.0133353103448275,0.0224514102855827,0.3,40.4731
16.567408,-0.0129576551724137,0.0223405927163542,0.3,40.1279
16.584073,-0.0125902068965517,0.0217441687221674,0.3,39.9099
16.600736,-0.0122329655172413,0.0219363620042508,0.3,40.0462
16.617109,-0.0118655172413793,0.0216359131096717,0.3,40.0098
16.633759,-0.0115184827586206,0.0207543461705376,0.3,39.483
16.650797,-0.0111663448275862,0.0181998365197512,0.3,39.247
16.667128,-0.0109111724137931,0.0180557438244901,0.3,38.8518
16.683867,-0.0105692413793103,0.0200230404355551,0.3,38.7654
16.700772,-0.0102375172413793,0.019470681946656,0.3,38.4476
16.717417,-0.009916,0.0197646479474247,0.3,38.829
16.733823,-0.0095842758620689,0.0196090500418874,0.3,38.6566
16.75047,-0.0092678620689655,0.0186793678643709,0.3,38.2433
16.767155,-0.0089616551724137,0.0182962650404234,0.3,38.0343
16.784221,-0.0086503448275862,0.0183406844090748,0.3,37.7211
16.800546,-0.0083492413793103,0.0179742157819344,0.3,37.2941
16.817441,-0.0080532413793103,0.0156693574587735,0.3,37.7347
16.833767,-0.0078286896551724,0.0153214877277511,0.3,37.117
16.850417,-0.007548,0.0168122940416536,0.3,37.0579
16.867158,-0.0072673103448275,0.0166799358941225,0.3,36.7764
16.883767,-0.006991724137931,0.0162952154670773,0.3,36.3223
16.900669,-0.0067212413793103,0.0160601231482797,0.3,36.4858
16.917133,-0.0064558620689655,0.0158750656080516,0.3,35.7274
16.933781,-0.0061955862068965,0.0153699986838634,0.3,35.8135
16.950669,-0.0059404137931034,0.0151633067019912,0.3,35.4957
16.967101,-0.0056903448275862,0.0148556397310755,0.3,35.1733
16.983992,-0.0054453793103448,0.0125362161323675,0.3,35.4004
17.00089,-0.0052667586206896,0.0124362006722273,0.3,34.4966
17.017232,-0.005032,0.0139552865076892,0.3,34.3286
17.033803,-0.004807448275862,0.0133868001326624,0.3,33.9244
17.050399,-0.004588,0.0132576888623467,0.3,34.106
17.067293,-0.004363448275862,0.0128618143161444,0.3,34.038
17.084523,-0.0041491034482758,0.0127497880051939,0.3,34.2332
17.100516,-0.0039398620689655,0.0126892995163713,0.3,32.8799
17.1171,-0.003735724137931,0.0119752403813735,0.3,33.1297
17.133757,-0.0035417931034482,0.0100704872247707,0.3,33.0251
17.150547,-0.0033988965517241,0.0100780200528657,0.3,32.4711
17.167179,-0.0032049655172413,0.0111696265556736,0.3,32.4211
17.183901,-0.0030263448275862,0.0107360294308143,0.3,32.0397
17.200454,-0.002847724137931,0.0104715692587867,0.3,32.5074
17.217529,-0.0026742068965517,0.0100949345503472,0.3,31.8398
17.23382,-0.0025108965517241,0.0099129166182631,0.3,31.3493
17.250478,-0.0023475862068965,0.0094743178460183,0.3,31.0542
17.267217,-0.0021944827586206,0.0090312971888383,0.3,30.2686
17.283818,-0.0020464827586206,0.0088358208955223,0.3,31.0043
17.300717,-0.0018984827586206,0.0076107257752654,0.3,30.323
17.317346,-0.0017913103448275,0.0072483400509343,0.3,29.8098
17.333809,-0.0016586206896551,0.0081642848964893,0.3,30.0097
17.350476,-0.0015208275862068,0.0078099940607617,0.3,29.5919
17.367135,-0.0013983448275862,0.0070421952450703,0.3,28.6018
17.383812,-0.0012860689655172,0.0070373398689911,0.3,28.4929
17.400494,-0.0011635862068965,0.0070316486158765,0.3,28.9787
17.417198,-0.0010513103448275,0.0064468487604127,0.3,28.2476
17.433742,-0.0009492413793103,0.0059298222183412,0.3,27.7798
17.450763,-0.0008522758620689,0.0056474334910541,0.3,26.8443
17.467178,-0.0007604137931034,0.0047916799391743,0.3,26.4084
17.48378,-0.0006940689655172,0.0045842100807195,0.3,26.2403
17.500576,-0.0006073103448275,0.004904951038522,0.3,25.3911
17.517075,-0.0005307586206896,0.0044530027680824,0.3,24.9051
17.533812,-0.0004593103448275,0.0042707956521155,0.3,23.8469
17.550534,-0.0003878620689655,0.0028158748604138,0.3,23.511
17.583962,-0.0002653793103448,0.0057236879113463,0.3,20.9496
17.60055,-0.0002143448275862,0.0029021165222486,0.3,19.2056
17.617374,-0.0001684137931034,0.0023017536874716,0.3,17.7116
17.633808,-0.0001377931034482,0.002136866726345,0.3,16.1085
17.65081,-9.69655172413793e-05,0.0019924568318278,0.3,15.1956
17.667106,-7.144827586206897e-05,0.0015446272021374,0.3,15.1638
17.68385,-4.593103448275861e-05,0.0013662631472055,0.3,15.2138
17.700724,-2.5517241379310345e-05,0.0010655651712411,0.3,15.1275
17.717376,-1.0206896551724136e-05,0.0009200928381963,0.3,13.043
17.734004,5.103448275862069e-06,0.000458654468937,0.3,12.5117
17.750757,5.103448275862069e-06,0.0,0.3,12.4071
17.767115,5.103448275862069e-06,0.0,0.3,12.2164
17.783899,5.103448275862069e-06,0.0,0.3,11.8986
17.800476,5.103448275862069e-06,0.0,0.3,8.4517
17.8172,5.103448275862069e-06,0.0,0.3,5.9129
17.834195,5.103448275862069e-06,0.0,0.3,4.6823
17.850525,5.103448275862069e-06,0.0,0.3,4.0056
17.867478,5.103448275862069e-06,0.0,0.3,3.3562
17.884067,5.103448275862069e-06,0.0,0.3,2.9429
17.900452,5.103448275862069e-06,0.0,0.3,2.6523
17.917144,5.103448275862069e-06,0.0,0.3,2.3525
17.933804,5.103448275862069e-06,0.0,0.3,1.9983
17.950434,5.103448275862069e-06,-0.0001528070026906,0.3,1.6985
17.967202,-0.0,-0.0001515950772571,0.3,1.6122
17.984099,-0.0,0.0,0.3,1.6531
18.000473,-0.0,0.0,0.3,1.6394
18.017239,-0.0,0.0,0.3,1.5941
18.033823,-0.0,0.0,0.3,1.5986
18.050513,-0.0,0.0,0.3,1.5487
18.067112,-0.0,0.0,0.3,1.5214
18.083924,-0.0,0.0,0.3,1.4897
18.100458,-0.0,0.0,0.3,1.4579
18.117143,-0.0,0.0,0.3,1.4398
18.133922,-0.0,0.0,0.3,1.4124
18.150457,-0.0,0.0,0.3,1.4034
18.167167,-0.0,0.0,0.3,1.3671
18.18416,-0.0,0.0,0.3,1.3488
18.200752,-0.0,0.0,0.3,1.3125
18.217203,-0.0,0.0,0.3,1.3216
18.233931,-0.0,0.0,0.3,1.2852
18.250478,-0.0,0.0,0.3,1.2489
18.267237,-0.0,0.0,0.3,1.2444
18.28381,-0.0,0.0,0.3,1.2308
18.300546,-0.0,0.0,0.3,1.2263
18.317403,-0.0,0.0,0.3,1.1899
18.334104,-0.0,0.0,0.3,1.1808
18.350535,-0.0,0.0,0.3,1.1672
18.367405,-0.0,0.0,0.3,1.1353
18.383799,-0.0,0.0,0.3,1.1445
18.400572,-0.0,0.0,0.3,1.1128
18.417202,-0.0,0.0,0.3,1.0945
18.433801,-0.0,0.0,0.3,1.0809
18.450585,-0.0,0.0,0.3,1.1036
18.467217,-0.0,0.0,0.3,1.0718
18.484075,-0.0,0.0,0.3,1.0446
18.500808,-0.0,0.0,0.3,1.0446
18.517448,-0.0,0.0,0.3,1.0173
18.533825,-0.0,0.0,0.3,1.0173
18.550478,-0.0,0.0,0.3,1.0037
18.567279,-0.0,0.0,0.3,1.0309
18.593335,-0.0,0.0,0.3,0.9946
18.618442,-0.0,0.0,0.3,0.9582
18.633878,-0.0,0.0,0.3,0.9582
18.650732,-0.0,0.0,0.3,0.9401
18.667118,-0.0,0.0,0.3,0.9357
18.683858,-0.0,0.0,0.3,0.931
18.70062,-0.0,0.0,0.3,0.9401
18.717205,-0.0,0.0,0.3,0.9265
18.73381,-0.0,0.0,0.3,0.9083
18.750902,-0.0,0.0,0.3,0.9083
18.767125,-0.0,0.0,0.3,0.9129
18.784159,-0.0,0.0,0.3,0.8947
18.800553,-0.0,0.0,0.3,0.8857
18.81724,-0.0,0.0,0.3,0.8766
18.834066,-0.0,0.0,0.3,0.8674
18.850714,-0.0,0.0,0.3,0.8766
18.867473,-0.0,0.0,0.3,0.863
18.88377,-0.0,0.0,0.3,0.863
18.900497,-0.0,0.0,0.3,0.8266
18.917187,-0.0,0.0,0.3,0.8266
18.933865,-0.0,0.0,0.3,0.8402
18.950569,-0.0,0.0,0.3,0.8175
18.967146,-0.0,0.0,0.3,0.813
18.984097,-0.0,0.0,0.3,0.8084
